{"cameraMode":{"drawMode":0,"name":"Shaded","section":"Shading Mode"},"sceneLighting":true,"audioPlay":false,"sceneViewState":{"m_AlwaysRefresh":false,"showFog":true,"showSkybox":true,"showFlares":true,"showImageEffects":true,"showParticleSystems":true,"showVisualEffectGraphs":true,"m_FxEnabled":true},"in2DMode":false,"pivot":{"x":-0.6199498176574707,"y":-0.4002561569213867,"z":0.9578332901000977},"rotation":{"x":-0.09796003997325897,"y":0.8851799368858337,"z":-0.21690885722637177,"w":-0.39976364374160769},"size":5.141894340515137,"orthographic":false}